{
  "FunctionalKeywords": [
    "requirement",
    "workflow",
    "module",
    "process",
    "feature",
    "business",
    "user",
    "use case",
    "scenario"
  ],
  "TechnicalKeywords": [
    "install",
    "setup",
    "config",
    "parameter",
    "deploy",
    "step",
    "api",
    "endpoint",
    "integration",
    "technical",
    "developer",
    "code",
    "sdk",
    "rest",
    "graph",
    "database",
    "architecture",
    "implementation"
  ],
  "SupportKeywords": [
    "issue",
    "error",
    "fix",
    "troubleshoot",
    "faq",
    "support",
    "problem",
    "help",
    "guide",
    "how to",
    "resolve"
  ],
  "Sections": [
    {
      "Name": "1. Introduction",
      "Keywords": [
        "introduction",
        "purpose",
        "overview",
        "summary",
        "about"
      ],
      "Mandatory": true
    },
    {
      "Name": "2. Overview",
      "Keywords": [
        "overview",
        "summary",
        "general",
        "description",
        "background"
      ],
      "Mandatory": true
    },
    {
      "Name": "3. Functional Details",
      "Keywords": [
        "workflow",
        "business",
        "requirement",
        "functional",
        "feature",
        "module",
        "process",
        "user",
        "scenario"
      ],
      "Mandatory": false
    },
    {
      "Name": "4. Technical Details",
      "Keywords": [
        "install",
        "setup",
        "config",
        "parameter",
        "deploy",
        "step",
        "technical",
        "api",
        "endpoint",
        "integration",
        "code",
        "implementation"
      ],
      "Mandatory": false
    },
    {
      "Name": "5. Screenshots",
      "Keywords": [
        "screenshot",
        "figure",
        "image",
        "diagram",
        "picture"
      ],
      "Mandatory": false
    },
    {
      "Name": "6. Troubleshooting & FAQ",
      "Keywords": [
        "issue",
        "error",
        "faq",
        "fix",
        "troubleshoot",
        "problem",
        "resolve",
        "help"
      ],
      "Mandatory": false
    },
    {
      "Name": "7. Revision History",
      "Keywords": [],
      "Mandatory": true
    }
  ]
}

